{"name":"cube","vertices":[[6.938893903907228e-18,1.8818880418271032e-16,1.2247450000000002],[1.1547010000000002,-3.5006551691424135e-17,0.4082483],[-0.5773502999999999,1.0000000000000002,0.4082483000000002],[-0.5773503000000003,-1.0000000000000002,0.4082483000000002],[0.5773503000000003,1.0000000000000002,-0.4082483000000002],[0.5773502999999999,-1.0000000000000002,-0.4082483000000002],[-1.1547010000000002,9.051770292268196e-17,-0.4082483],[6.938893903907228e-18,-1.326776529514525e-16,-1.2247450000000002]],"edges":[[0,1],[0,2],[0,3],[1,4],[1,5],[2,4],[2,6],[3,5],[3,6],[4,7],[5,7],[6,7]],"faces":[[0,1,4,2],[0,2,6,3],[0,3,5,1],[1,5,7,4],[2,4,7,6],[3,6,7,5]]}